File_name,ram_percent,ram,flash,Code,RO_data,RW_data,ZI_data
heap_4.o,96.221428%,76828,664,626,38,0,76828
usart0.o,1.287495%,1028,564,564,0,0,1028
startup_gd32f407_427.o,1.282485%,1024,428,36,392,0,1024
tasks.o,1.001941%,800,3817,3774,43,0,800
queue.o,0.080155%,64,2414,2394,20,0,64
timers.o,0.075146%,60,939,918,21,0,60
main.o,0.025049%,20,724,724,0,0,20
port.o,0.011272%,9,1033,988,41,4,5
mc_w.l,0.005010%,4,958,954,0,4,0
stdout.o,0.005010%,4,4,0,0,4,0
system_gd32f4xx.o,0.005010%,4,534,530,0,4,0
